Timestamp,User Count,Type,Name,Requests/s,Failures/s,50%,66%,75%,80%,90%,95%,98%,99%,99.9%,99.99%,100%,Total Request Count,Total Failure Count,Total Median Response Time,Total Average Response Time,Total Min Response Time,Total Max Response Time,Total Average Content Size
1764991694,0,,Aggregated,0.000000,0.000000,N/A,N/A,N/A,N/A,N/A,N/A,N/A,N/A,N/A,N/A,N/A,0,0,0,0.0,0,0,0
1764991695,10,,Aggregated,0.000000,0.000000,N/A,N/A,N/A,N/A,N/A,N/A,N/A,N/A,N/A,N/A,N/A,0,0,0,0.0,0,0,0
1764991696,20,,Aggregated,0.000000,0.000000,1700,1700,1900,1900,1900,1900,1900,1900,1900,1900,1900,4,0,1600.0,1664.3332249986997,1429.4191999942996,1902.3272000049474,123.0
1764991697,30,,Aggregated,0.000000,0.000000,2000,2300,2500,2500,2600,2800,2800,2800,2800,2800,2800,11,0,2000.0,2089.1547909069977,1429.4191999942996,2769.3364000006113,123.0
1764991698,40,,Aggregated,1.000000,0.000000,2200,2500,2500,2600,2800,2900,2900,2900,2900,2900,2900,17,0,2200.0,2224.269747059546,1429.4191999942996,2945.4449000040768,123.0
1764991699,50,,Aggregated,2.666667,0.000000,2500,2800,2900,2900,3100,3200,3400,3400,3400,3400,3400,24,0,2500.0,2462.624716667657,1429.4191999942996,3393.1305000005523,123.0
1764991700,50,,Aggregated,3.750000,0.000000,2800,2900,3200,3300,3600,3700,3900,3900,3900,3900,3900,30,0,2700.0,2675.3680766676553,1429.4191999942996,3881.5044999937527,123.0
1764991701,50,,Aggregated,4.200000,0.000000,2900,3300,3600,3900,4200,4300,4400,4400,4400,4400,4400,37,0,2900.0,2965.929916216221,1429.4191999942996,4368.879499990726,123.0
1764991702,50,,Aggregated,4.666667,0.000000,3200,3900,4200,4300,4500,4700,5000,5000,5000,5000,5000,45,0,3200.0,3254.7344555554446,1429.4191999942996,5017.244299990125,123.0
1764991703,50,,Aggregated,5.000000,0.000000,3400,4200,4400,4500,5200,5700,5700,5800,5800,5800,5800,51,0,3400.0,3521.1252137249926,1429.4191999942996,5763.801900000544,123.0
1764991704,50,,Aggregated,5.250000,0.000000,3900,4400,4900,5300,5800,5800,5800,6000,6000,6000,6000,58,0,3700.0,3796.7212155166762,1429.4191999942996,6004.366099994513,123.0
1764991705,50,,Aggregated,5.333333,0.000000,4200,4700,5700,5800,6100,6600,6800,6900,6900,6900,6900,65,0,4200.0,4092.8553030763464,1429.4191999942996,6946.824500002549,123.0
1764991706,50,,Aggregated,5.500000,0.000000,4300,5700,5800,6100,6900,7000,7100,7100,7100,7100,7100,73,0,4300.0,4409.67191780769,1429.4191999942996,7096.085299999686,123.0
1764991707,50,,Aggregated,6.200000,0.000000,4400,5700,6000,6600,6900,7000,7100,7100,7100,7100,7100,77,0,4400.0,4538.98731947974,1429.4191999942996,7096.085299999686,123.0
1764991708,50,,Aggregated,6.700000,0.000000,4700,5800,6800,6900,7000,7100,7200,7300,7300,7300,7300,85,0,4700.0,4776.331539999228,1429.4191999942996,7291.2203000014415,123.0
1764991709,50,,Aggregated,6.800000,0.000000,5300,6600,6900,7000,7000,7100,7200,7300,7300,7300,7300,93,0,5300.0,4970.394309676785,1429.4191999942996,7291.2203000014415,123.0
1764991710,50,,Aggregated,6.700000,0.000000,5700,6800,6900,7000,7100,7100,7200,7300,7300,7300,7300,100,0,5700.0,5105.892853999394,1429.4191999942996,7291.2203000014415,123.0
1764991711,50,,Aggregated,6.900000,0.000000,5800,6800,6900,6900,7000,7100,7200,7200,7300,7300,7300,107,0,5800.0,5217.637642055519,1429.4191999942996,7291.2203000014415,123.0
1764991712,50,,Aggregated,6.900000,0.000000,6000,6800,6900,6900,7000,7100,7200,7200,7300,7300,7300,115,0,6000.0,5323.243001738624,1429.4191999942996,7291.2203000014415,123.0
1764991713,50,,Aggregated,6.900000,0.000000,6600,6800,6900,6900,7000,7100,7200,7200,7300,7300,7300,122,0,6400.0,5410.958790983223,1429.4191999942996,7291.2203000014415,123.0
1764991714,50,,Aggregated,6.900000,0.000000,6600,6800,6900,6900,7000,7100,7200,7200,7300,7300,7300,129,0,6600.0,5478.06794263543,1429.4191999942996,7291.2203000014415,123.0
1764991715,50,,Aggregated,7.100000,0.000000,6600,6800,6900,6900,7000,7100,7200,7200,7300,7300,7300,136,0,6600.0,5535.863279411334,1429.4191999942996,7291.2203000014415,123.0
1764991716,50,,Aggregated,7.100000,0.000000,6600,6800,6900,6900,7000,7100,7200,7200,7300,7300,7300,143,0,6600.0,5594.96022307642,1429.4191999942996,7291.2203000014415,123.0
1764991717,50,,Aggregated,7.100000,0.000000,6600,6800,6900,6900,7000,7100,7100,7200,7300,7300,7300,151,0,6600.0,5649.881777482914,1429.4191999942996,7291.2203000014415,123.0
1764991718,50,,Aggregated,7.100000,0.000000,6600,6800,6900,6900,7000,7100,7100,7200,7300,7300,7300,159,0,6600.0,5700.762950313997,1429.4191999942996,7291.2203000014415,123.0
1764991719,50,,Aggregated,7.100000,0.000000,6600,6800,6800,6900,7000,7100,7100,7200,7300,7300,7300,166,0,6600.0,5738.194733132178,1429.4191999942996,7291.2203000014415,123.0
1764991720,50,,Aggregated,7.300000,0.000000,6600,6800,6800,6900,7000,7100,7100,7200,7300,7300,7300,174,0,6600.0,5777.961985057223,1429.4191999942996,7291.2203000014415,123.0
1764991721,50,,Aggregated,7.200000,0.000000,6600,6800,6800,6900,7000,7100,7100,7200,7300,7300,7300,181,0,6600.0,5805.912687292614,1429.4191999942996,7291.2203000014415,123.0
1764991722,50,,Aggregated,7.200000,0.000000,6600,6700,6800,6900,7000,7100,7100,7200,7300,7300,7300,188,0,6600.0,5829.517167021165,1429.4191999942996,7291.2203000014415,123.0
1764991723,50,,Aggregated,7.300000,0.000000,6600,6700,6800,6900,7000,7100,7100,7200,7300,7300,7300,196,0,6600.0,5856.02192806121,1429.4191999942996,7291.2203000014415,123.0
1764991724,50,,Aggregated,7.300000,0.000000,6600,6700,6800,6800,7000,7000,7100,7200,7300,7300,7300,203,0,6600.0,5874.8356128078385,1429.4191999942996,7291.2203000014415,123.0
1764991725,50,,Aggregated,7.300000,0.000000,6600,6700,6800,6800,7000,7000,7100,7200,7300,7300,7300,210,0,6600.0,5894.766599047581,1429.4191999942996,7291.2203000014415,123.0
1764991726,50,,Aggregated,7.300000,0.000000,6600,6700,6800,6800,6900,7000,7100,7200,7300,7300,7300,218,0,6600.0,5917.671748623961,1429.4191999942996,7291.2203000014415,123.0
1764991727,50,,Aggregated,7.300000,0.000000,6600,6700,6800,6800,6900,7000,7100,7200,7300,7300,7300,225,0,6600.0,5936.246354222208,1429.4191999942996,7291.2203000014415,123.0
1764991728,50,,Aggregated,7.300000,0.000000,6500,6700,6800,6800,6900,7000,7100,7200,7300,7300,7300,233,0,6500.0,5955.036030472092,1429.4191999942996,7291.2203000014415,123.0
1764991729,50,,Aggregated,7.400000,0.000000,6600,6700,6800,6800,6900,7000,7100,7200,7300,7300,7300,240,0,6500.0,5972.044785416619,1429.4191999942996,7291.2203000014415,123.0
1764991730,50,,Aggregated,7.300000,0.000000,6600,6700,6800,6800,6900,7000,7100,7200,7300,7300,7300,248,0,6600.0,5990.917780241942,1429.4191999942996,7291.2203000014415,123.0
1764991731,50,,Aggregated,7.400000,0.000000,6500,6600,6700,6800,6900,7000,7100,7200,7300,7300,7300,254,0,6500.0,6002.394120472571,1429.4191999942996,7291.2203000014415,123.0
1764991732,50,,Aggregated,7.400000,0.000000,6500,6600,6700,6800,6900,7000,7100,7200,7300,7300,7300,262,0,6500.0,6018.63120687025,1429.4191999942996,7291.2203000014415,123.0
1764991733,50,,Aggregated,7.300000,0.000000,6500,6600,6700,6800,6900,7000,7100,7200,7300,7300,7300,270,0,6500.0,6032.921312222281,1429.4191999942996,7291.2203000014415,123.0
1764991734,50,,Aggregated,7.300000,0.000000,6500,6600,6700,6800,6900,7000,7100,7200,7300,7300,7300,277,0,6500.0,6043.500223104686,1429.4191999942996,7291.2203000014415,123.0
1764991735,50,,Aggregated,7.300000,0.000000,6500,6600,6700,6800,6900,7000,7100,7200,7300,7300,7300,285,0,6500.0,6054.044795438558,1429.4191999942996,7291.2203000014415,123.0
1764991736,50,,Aggregated,7.400000,0.000000,6500,6600,6700,6800,6900,7000,7100,7200,7300,7300,7300,293,0,6500.0,6061.628706825963,1429.4191999942996,7291.2203000014415,123.0
1764991737,50,,Aggregated,7.400000,0.000000,6500,6600,6700,6800,6900,7000,7100,7100,7300,7300,7300,301,0,6500.0,6068.520407973473,1429.4191999942996,7291.2203000014415,123.0
1764991738,50,,Aggregated,7.500000,0.000000,6500,6600,6700,6800,6900,7000,7100,7100,7300,7300,7300,308,0,6500.0,6072.9580607143125,1429.4191999942996,7291.2203000014415,123.0
1764991739,50,,Aggregated,7.500000,0.000000,6500,6600,6700,6700,6900,7000,7100,7100,7300,7300,7300,316,0,6500.0,6077.962535443139,1429.4191999942996,7291.2203000014415,123.0
1764991740,50,,Aggregated,7.500000,0.000000,6500,6600,6700,6700,6900,7000,7100,7100,7300,7300,7300,322,0,6500.0,6083.916857453544,1429.4191999942996,7291.2203000014415,123.0
1764991741,50,,Aggregated,7.500000,0.000000,6500,6600,6700,6800,6900,7000,7100,7100,7300,7300,7300,330,0,6500.0,6095.126624545698,1429.4191999942996,7291.2203000014415,123.0
1764991742,50,,Aggregated,7.400000,0.000000,6500,6600,6700,6800,6900,7000,7100,7100,7300,7300,7300,338,0,6500.0,6108.622550591945,1429.4191999942996,7291.2203000014415,123.0
1764991743,50,,Aggregated,7.400000,0.000000,6500,6600,6700,6800,6900,7000,7100,7100,7300,7300,7300,346,0,6500.0,6116.177644219956,1429.4191999942996,7291.2203000014415,123.0
1764991744,50,,Aggregated,7.400000,0.000000,6500,6600,6700,6700,6900,7000,7100,7100,7300,7300,7300,353,0,6500.0,6121.418651558328,1429.4191999942996,7291.2203000014415,123.0
1764991745,50,,Aggregated,7.500000,0.000000,6500,6600,6700,6700,6900,7000,7100,7100,7300,7300,7300,361,0,6500.0,6127.042504432356,1429.4191999942996,7291.2203000014415,123.0
1764991746,50,,Aggregated,7.500000,0.000000,6500,6600,6700,6700,6900,7000,7100,7100,7300,7300,7300,369,0,6500.0,6132.493461246749,1429.4191999942996,7291.2203000014415,123.0
1764991747,50,,Aggregated,7.600000,0.000000,6500,6600,6700,6700,6900,7000,7100,7100,7300,7300,7300,375,0,6500.0,6133.3264789334835,1429.4191999942996,7291.2203000014415,123.0
1764991748,50,,Aggregated,7.500000,0.000000,6500,6600,6600,6700,6900,7000,7100,7100,7300,7300,7300,382,0,6500.0,6137.154581937284,1429.4191999942996,7291.2203000014415,123.0
1764991749,50,,Aggregated,7.500000,0.000000,6500,6600,6600,6700,6900,7000,7100,7100,7300,7300,7300,390,0,6500.0,6142.578670512899,1429.4191999942996,7291.2203000014415,123.0
1764991750,50,,Aggregated,7.300000,0.000000,6500,6600,6600,6700,6900,7000,7100,7100,7300,7300,7300,397,0,6500.0,6150.011025692783,1429.4191999942996,7291.2203000014415,123.0
1764991751,50,,Aggregated,7.300000,0.000000,6500,6600,6600,6700,6900,7000,7100,7100,7300,7300,7300,403,0,6500.0,6157.842165260592,1429.4191999942996,7291.2203000014415,123.0
1764991752,50,,Aggregated,7.400000,0.000000,6500,6600,6700,6700,6900,7000,7100,7100,7300,7300,7300,411,0,6500.0,6169.958463990291,1429.4191999942996,7291.2203000014415,123.0
1764991753,50,,Aggregated,7.500000,0.000000,6500,6600,6700,6700,6900,7000,7100,7100,7300,7300,7300,418,0,6500.0,6179.056923444987,1429.4191999942996,7291.2203000014415,123.0
1764991754,50,,Aggregated,7.400000,0.000000,6500,6600,6700,6700,6900,7000,7100,7100,7300,7300,7300,425,0,6500.0,6190.40010611769,1429.4191999942996,7291.2203000014415,123.0
1764991755,50,,Aggregated,7.200000,0.000000,6500,6600,6700,6700,6900,7000,7100,7100,7300,7300,7300,432,0,6500.0,6198.735678009339,1429.4191999942996,7291.2203000014415,123.0
1764991756,50,,Aggregated,7.200000,0.000000,6500,6600,6700,6800,6900,7000,7100,7100,7300,7300,7300,440,0,6500.0,6208.425216590954,1429.4191999942996,7291.2203000014415,123.0
1764991757,50,,Aggregated,7.100000,0.000000,6500,6600,6700,6800,6900,7000,7100,7100,7300,7300,7300,447,0,6500.0,6216.7618628635855,1429.4191999942996,7291.2203000014415,123.0
1764991758,50,,Aggregated,7.100000,0.000000,6500,6600,6700,6800,6900,7000,7100,7100,7300,7300,7300,454,0,6500.0,6224.358174669644,1429.4191999942996,7291.2203000014415,123.0
1764991759,50,,Aggregated,7.000000,0.000000,6500,6600,6700,6800,6900,7000,7100,7100,7300,7300,7300,462,0,6500.0,6230.036901731648,1429.4191999942996,7291.2203000014415,123.0
1764991760,50,,Aggregated,7.000000,0.000000,6500,6600,6700,6800,6900,7000,7100,7100,7300,7300,7300,463,0,6500.0,6230.630786825109,1429.4191999942996,7291.2203000014415,123.0
1764991761,50,,Aggregated,7.200000,0.000000,6500,6600,6700,6800,6900,7000,7200,7400,7700,7700,7700,470,0,6500.0,6249.649436808588,1429.4191999942996,7667.451700006495,123.0
1764991762,50,,Aggregated,7.200000,0.000000,6500,6600,6700,6800,6900,7100,7400,7600,7700,7700,7700,477,0,6500.0,6267.729488469624,1429.4191999942996,7667.451700006495,123.0
1764991763,50,,Aggregated,6.400000,0.000000,6500,6700,6700,6800,6900,7200,7500,7600,7700,7700,7700,485,0,6500.0,6287.79349958766,1429.4191999942996,7667.451700006495,123.0
1764991764,50,,Aggregated,6.600000,0.000000,6500,6700,6800,6800,7000,7400,7500,7600,7700,7700,7700,493,0,6500.0,6305.105438336775,1429.4191999942996,7667.451700006495,123.0
1764991765,50,,Aggregated,6.600000,0.000000,6500,6700,6800,6800,7000,7400,7500,7600,7700,7700,7700,501,0,6500.0,6321.267621956121,1429.4191999942996,7667.451700006495,123.0
1764991766,50,,Aggregated,6.600000,0.000000,6500,6700,6800,6800,7100,7400,7500,7600,7700,7700,7700,508,0,6500.0,6335.536092322848,1429.4191999942996,7667.451700006495,123.0
1764991767,50,,Aggregated,6.700000,0.000000,6500,6700,6800,6800,7200,7400,7500,7600,7700,7700,7700,515,0,6500.0,6345.523821747631,1429.4191999942996,7667.451700006495,123.0
1764991768,50,,Aggregated,6.700000,0.000000,6500,6700,6800,6800,7100,7400,7500,7600,7700,7700,7700,523,0,6500.0,6344.68423250485,1429.4191999942996,7667.451700006495,123.0
1764991769,50,,Aggregated,6.800000,0.000000,6500,6700,6800,6800,7100,7400,7500,7600,7700,7700,7700,531,0,6500.0,6344.538607156388,1429.4191999942996,7667.451700006495,123.0
1764991770,50,,Aggregated,6.800000,0.000000,6500,6700,6800,6800,7100,7400,7500,7600,7700,7700,7700,538,0,6500.0,6343.236007063268,1429.4191999942996,7667.451700006495,123.0
1764991771,50,,Aggregated,6.800000,0.000000,6500,6700,6800,6800,7100,7400,7500,7600,7700,7700,7700,546,0,6500.0,6343.738432051333,1429.4191999942996,7667.451700006495,123.0
1764991772,50,,Aggregated,6.800000,0.000000,6500,6700,6800,6800,7100,7400,7500,7600,7700,7700,7700,553,0,6500.0,6344.167073960335,1429.4191999942996,7667.451700006495,123.0
1764991773,50,,Aggregated,7.600000,0.000000,6500,6700,6800,6800,7100,7400,7500,7600,7700,7700,7700,561,0,6500.0,6344.612822638235,1429.4191999942996,7667.451700006495,123.0
1764991774,50,,Aggregated,7.500000,0.000000,6500,6700,6800,6800,7100,7400,7500,7600,7700,7700,7700,569,0,6500.0,6343.6237755712855,1429.4191999942996,7667.451700006495,123.0
1764991775,50,,Aggregated,7.600000,0.000000,6500,6600,6800,6800,7100,7400,7500,7600,7700,7700,7700,577,0,6500.0,6343.501901733234,1429.4191999942996,7667.451700006495,123.0
1764991776,50,,Aggregated,7.600000,0.000000,6500,6600,6800,6800,7100,7400,7500,7600,7700,7700,7700,584,0,6500.0,6342.7555916097,1429.4191999942996,7667.451700006495,123.0
1764991777,50,,Aggregated,7.500000,0.000000,6500,6600,6700,6800,7100,7400,7500,7600,7700,7700,7700,592,0,6500.0,6340.779390709593,1429.4191999942996,7667.451700006495,123.0
1764991778,50,,Aggregated,7.600000,0.000000,6500,6600,6700,6800,7100,7400,7500,7600,7700,7700,7700,599,0,6500.0,6339.707231552688,1429.4191999942996,7667.451700006495,123.0
1764991779,50,,Aggregated,7.600000,0.000000,6500,6600,6700,6800,7100,7400,7500,7600,7700,7700,7700,603,0,6500.0,6340.543975621981,1429.4191999942996,7667.451700006495,123.0
1764991780,50,,Aggregated,7.600000,0.000000,6500,6600,6700,6800,7100,7400,7500,7600,7700,7700,7700,610,0,6500.0,6344.773839508298,1429.4191999942996,7667.451700006495,123.0
1764991781,50,,Aggregated,7.600000,0.000000,6500,6600,6800,6800,7100,7400,7500,7600,7700,7700,7700,617,0,6500.0,6352.921538735907,1429.4191999942996,7667.451700006495,123.0
1764991782,50,,Aggregated,7.200000,0.000000,6500,6700,6800,6800,7100,7400,7500,7600,7700,7700,7700,625,0,6500.0,6361.15240816008,1429.4191999942996,7667.451700006495,123.0
1764991783,50,,Aggregated,7.100000,0.000000,6500,6700,6800,6800,7100,7400,7500,7600,7700,7700,7700,632,0,6500.0,6368.020815348162,1429.4191999942996,7667.451700006495,123.0
1764991784,50,,Aggregated,7.100000,0.000000,6500,6700,6800,6900,7100,7400,7500,7600,7700,7700,7700,640,0,6500.0,6375.581079218816,1429.4191999942996,7667.451700006495,123.0
1764991785,50,,Aggregated,7.100000,0.000000,6500,6700,6800,6900,7100,7400,7500,7600,7700,7700,7700,648,0,6500.0,6382.425022530952,1429.4191999942996,7667.451700006495,123.0
1764991787,50,,Aggregated,7.000000,0.000000,6500,6700,6800,6900,7100,7400,7500,7600,7700,7700,7700,656,0,6500.0,6384.588774390331,1429.4191999942996,7667.451700006495,123.0
1764991788,50,,Aggregated,7.100000,0.000000,6500,6700,6800,6900,7100,7400,7500,7600,7700,7700,7700,663,0,6500.0,6383.163504675757,1429.4191999942996,7667.451700006495,123.0
1764991789,50,,Aggregated,7.100000,0.000000,6500,6700,6800,6900,7100,7400,7500,7600,7700,7700,7700,671,0,6500.0,6380.40123979142,1429.4191999942996,7667.451700006495,123.0
1764991790,50,,Aggregated,7.100000,0.000000,6500,6700,6800,6900,7100,7400,7500,7600,7700,7700,7700,679,0,6500.0,6377.835170544991,1429.4191999942996,7667.451700006495,123.0
1764991791,50,,Aggregated,7.100000,0.000000,6500,6700,6800,6900,7100,7400,7500,7600,7700,7700,7700,687,0,6500.0,6375.300668559036,1429.4191999942996,7667.451700006495,123.0
1764991792,50,,Aggregated,7.600000,0.000000,6500,6700,6800,6900,7100,7400,7500,7600,7700,7700,7700,695,0,6500.0,6372.399448633208,1429.4191999942996,7667.451700006495,123.0
1764991793,50,,Aggregated,7.600000,0.000000,6500,6700,6800,6900,7100,7300,7500,7500,7700,7700,7700,702,0,6500.0,6370.547602991557,1429.4191999942996,7667.451700006495,123.0
1764991794,50,,Aggregated,7.700000,0.000000,6500,6700,6800,6800,7100,7300,7500,7500,7700,7700,7700,710,0,6500.0,6368.500463521203,1429.4191999942996,7667.451700006495,123.0
1764991795,50,,Aggregated,7.700000,0.000000,6500,6600,6800,6800,7000,7300,7500,7500,7700,7700,7700,718,0,6500.0,6365.734260027927,1429.4191999942996,7667.451700006495,123.0
1764991796,50,,Aggregated,7.700000,0.000000,6500,6600,6800,6800,7000,7300,7500,7500,7700,7700,7700,726,0,6500.0,6362.926809366483,1429.4191999942996,7667.451700006495,123.0
1764991797,50,,Aggregated,7.800000,0.000000,6500,6600,6800,6800,7000,7300,7500,7500,7700,7700,7700,734,0,6500.0,6359.767773842077,1429.4191999942996,7667.451700006495,123.0
1764991798,50,,Aggregated,7.800000,0.000000,6500,6600,6800,6800,7000,7300,7500,7500,7700,7700,7700,742,0,6500.0,6356.658021024326,1429.4191999942996,7667.451700006495,123.0
1764991799,50,,Aggregated,7.700000,0.000000,6500,6600,6800,6800,7000,7300,7500,7500,7700,7700,7700,750,0,6500.0,6353.02876053341,1429.4191999942996,7667.451700006495,123.0
1764991800,50,,Aggregated,7.800000,0.000000,6500,6600,6700,6800,7000,7300,7500,7500,7700,7700,7700,758,0,6500.0,6349.6265406333105,1429.4191999942996,7667.451700006495,123.0
1764991801,50,,Aggregated,7.800000,0.000000,6400,6600,6700,6800,7000,7300,7500,7500,7700,7700,7700,766,0,6400.0,6347.919495300334,1429.4191999942996,7667.451700006495,123.0
1764991802,50,,Aggregated,7.800000,0.000000,6400,6600,6700,6800,7000,7300,7500,7500,7700,7700,7700,773,0,6400.0,6346.268948512381,1429.4191999942996,7667.451700006495,123.0
1764991803,50,,Aggregated,7.800000,0.000000,6400,6600,6700,6800,7000,7300,7500,7500,7700,7700,7700,781,0,6400.0,6344.502326504546,1429.4191999942996,7667.451700006495,123.0
1764991804,50,,Aggregated,7.800000,0.000000,6400,6600,6700,6800,7000,7300,7500,7500,7700,7700,7700,789,0,6400.0,6343.016368694628,1429.4191999942996,7667.451700006495,123.0
1764991805,50,,Aggregated,7.800000,0.000000,6400,6600,6700,6800,7000,7300,7500,7500,7700,7700,7700,797,0,6400.0,6342.390866248502,1429.4191999942996,7667.451700006495,123.0
1764991806,50,,Aggregated,7.800000,0.000000,6400,6600,6700,6800,7000,7300,7500,7500,7700,7700,7700,804,0,6400.0,6340.898720895589,1429.4191999942996,7667.451700006495,123.0
1764991807,50,,Aggregated,7.700000,0.000000,6400,6600,6700,6800,7000,7300,7500,7500,7700,7700,7700,812,0,6400.0,6339.40841859611,1429.4191999942996,7667.451700006495,123.0
1764991808,50,,Aggregated,7.700000,0.000000,6400,6600,6700,6800,7000,7300,7500,7500,7700,7700,7700,819,0,6400.0,6338.182775824249,1429.4191999942996,7667.451700006495,123.0
1764991809,50,,Aggregated,7.700000,0.000000,6400,6600,6700,6800,7000,7300,7500,7500,7700,7700,7700,827,0,6400.0,6336.939696130691,1429.4191999942996,7667.451700006495,123.0
1764991810,50,,Aggregated,7.700000,0.000000,6400,6600,6700,6800,7000,7300,7500,7500,7700,7700,7700,835,0,6400.0,6336.305757125868,1429.4191999942996,7667.451700006495,123.0
